mean_fit_time,std_fit_time,mean_score_time,std_score_time,param_clf__estimator__alpha,param_clf__estimator__hidden_layer_sizes,param_clf__estimator__learning_rate_init,param_clf__weight_power,param_features__char__lowercase,param_features__char__ngram_range,param_features__word__lowercase,param_features__word__ngram_range,param_reduce,split0_test_macro_f1,split1_test_macro_f1,split2_test_macro_f1,split3_test_macro_f1,split4_test_macro_f1,mean_test_macro_f1,std_test_macro_f1,rank_test_macro_f1,split0_test_qwk,split1_test_qwk,split2_test_qwk,split3_test_qwk,split4_test_qwk,mean_test_qwk,std_test_qwk,rank_test_qwk
38.43564143180847,0.5065576414780171,1.111187744140625,0.04588062217489412,0.00031489116479568613,"(16,)",0.00023273922280628724,0.0,True,"(1, 5)",False,"(1, 3)","TruncatedSVD(n_components=100, random_state=42)",0.22183098591549297,0.25886619432998353,0.2817074050039657,0.23703483931936684,0.25501522837224433,0.25089093058821066,0.020330968540682216,30,-0.0024500932705959766,0.03938389549619803,0.05604113110539832,0.018856806128461967,0.047426257952573714,0.03185159948240721,0.021118284446775295,30
5.730355882644654,0.7795914522503404,0.5091081142425538,0.07530029946879489,1.7073967431528103e-05,"(64, 32)",0.0004649617447336333,1.0,False,"(1, 3)",False,"(1, 2)",SelectPercentile(percentile=5),0.5507335554964511,0.5192875585032448,0.5354723882959406,0.5458778796345473,0.49964819261037746,0.5302039149081124,0.01869606978519566,10,0.4624350522888786,0.39964984437527784,0.4657800843334414,0.45151606124287,0.358130956040578,0.4275023996562092,0.042072055647417735,12
3.2475804328918456,0.887852313749391,0.5473634243011475,0.09746302015193799,1.007198483880919e-05,"(64, 32)",0.00023270677083837802,0.5,False,"(1, 3)",False,"(1, 1)",SelectPercentile(percentile=1),0.28914808739849746,0.5482781863378879,0.35852668231394125,0.30193548387096775,0.39031171294933437,0.37764003057412576,0.09295727428977303,25,0.10270802298361348,0.4655725900813057,0.16114714919767847,0.1162029459901801,0.2817102137767221,0.22546818440589997,0.13561669264601275,24
22.36380801200867,0.3392415810154854,1.0611421108245849,0.17620236932897756,0.0012563152773938662,"(128,)",0.00019010245319870352,1.0,False,"(2, 4)",True,"(1, 2)","TruncatedSVD(n_components=100, random_state=42)",0.4200533793910495,0.40379824885929216,0.49440980824049713,0.49814533292794155,0.48850867334785947,0.4609830885533279,0.04050032789305613,21,0.3437872297615707,0.2849688420899448,0.34698795180722897,0.4100448007545391,0.3429976702045042,0.3457572989235576,0.03960083485375172,21
5.930467319488526,0.6801602586591428,0.8473382472991944,0.057469429336963036,0.00033872555658521483,"(64, 32)",0.0015304852121831463,1.0,True,"(1, 5)",True,"(1, 1)",SelectPercentile(percentile=1),0.5576781468907224,0.5800252584154442,0.5454885512181479,0.5566947112824554,0.548368759531583,0.5576510854676705,0.012129367775397226,2,0.5053841554751236,0.49756297034012886,0.4393182486041728,0.48678720445062584,0.4433264279372595,0.47447580136146217,0.027735361371688954,2
3.0035478591918947,0.1462118666641709,0.5819674491882324,0.046804091568768066,1.8205657658407255e-05,"(64, 32)",0.007663082680255852,0.5,False,"(2, 4)",True,"(1, 2)",SelectPercentile(percentile=1),0.6052434897719409,0.5326596543185135,0.535805517465972,0.5442827300480008,0.5566822141290227,0.55493472114669,0.026493757311249783,3,0.5539960254062268,0.4419889502762431,0.42741116751269037,0.48975957257346403,0.44750083864475,0.4721313108826749,0.04588616432626492,3
17.16785364151001,1.7867276661882026,0.8423405170440674,0.15760253738474417,8.386394780402559e-05,"(64, 32)",0.0007591104805282694,1.0,False,"(1, 3)",False,"(1, 3)","TruncatedSVD(n_components=100, random_state=42)",0.47467149800804576,0.4440656027428281,0.5456202577963017,0.5061673151538574,0.49591319521545185,0.4932875737832969,0.03370712729397501,18,0.36170880836706376,0.4046786879734766,0.490748189863234,0.41090034731498803,0.38926174496644295,0.41145955569704107,0.043129711453155146,16
47.103209495544434,1.478208418151714,1.0774971008300782,0.0393448933242724,0.0433792069749094,"(64, 32)",0.00023145798905204883,0.5,False,"(2, 4)",False,"(1, 2)","TruncatedSVD(n_components=300, random_state=42)",0.31226683309063175,0.2610998135909168,0.49461681055608947,0.4531582312662803,0.30349067015733683,0.364926471732251,0.09157706871540323,26,0.057465138999911236,0.04691471526688662,0.4231209462037391,0.3360341151385927,0.05263157894736836,0.1832332989112996,0.16269687662341972,26
18.06363959312439,0.20833822982791664,0.9222452163696289,0.10568338587416318,5.4880470007660426e-05,"(128,)",0.00483692718068222,0.5,False,"(2, 4)",False,"(1, 2)","TruncatedSVD(n_components=100, random_state=42)",0.42229941622038886,0.494580209556055,0.5236354312776194,0.5258357956698769,0.5388930949469066,0.5010487895341693,0.04195247271577093,15,0.30497360377882754,0.40697674418604646,0.4365781710914455,0.4160694077706526,0.4290922347794386,0.39873803232128213,0.04798598694841379,18
3.390238904953003,0.47388057276103174,0.4393792629241943,0.11594485575064971,0.04869640941520897,"(64, 32)",0.0013832094546570486,0.0,False,"(1, 3)",False,"(1, 1)",SelectPercentile(percentile=5),0.5828628239538789,0.5137072975283307,0.5191011087295917,0.5533250604556447,0.5128465703861842,0.536368572210726,0.02761963495013201,8,0.5170791472678264,0.4187512780314907,0.4293174188735547,0.47998607727114506,0.4233795428999625,0.45370269286879594,0.03858271032164225,6
2.0022860527038575,0.06026506330242836,0.4139853477478027,0.023102174512622756,0.0014413469371110325,"(64, 32)",0.0005170191786366995,0.0,True,"(1, 3)",True,"(1, 1)",SelectPercentile(percentile=1),0.28914808739849746,0.29369369369369375,0.29410348977135986,0.2321412505623032,0.2915527127264757,0.280127846830466,0.024058081880226963,28,0.10270802298361348,0.10042356767247596,0.10049972237645755,0.010161386730424549,0.1094527363184079,0.08464908721627588,0.03738941176896112,28
32.091854667663576,1.1763392911884007,1.4913980484008789,0.2764010477278852,1.1549033124221249e-05,"(16,)",0.0035033984911586884,1.0,True,"(1, 5)",True,"(1, 3)","TruncatedSVD(n_components=100, random_state=42)",0.48362464462359306,0.41342559452795674,0.5451519806358517,0.4874494649450758,0.4840434419381787,0.48273902533413116,0.04177176736780006,19,0.43729987895844635,0.34901262095526653,0.441362263114529,0.37522580645161285,0.3823758773069925,0.39705528935736945,0.03628455419306849,19
6.586242580413819,0.24997324969595472,1.2372131824493409,0.06895828797456223,0.01216413935141706,"(16,)",0.007121996518301621,0.5,True,"(1, 5)",True,"(1, 2)",SelectPercentile(percentile=1),0.6025497385603745,0.5768578145327993,0.5474710758290166,0.5721965532031037,0.5274595576253209,0.565306947950123,0.025762212329340464,1,0.5385733864852267,0.49403778707998647,0.46585147628988965,0.5025533193151097,0.4123806590699107,0.4826793256480246,0.042126512658738936,1
11.751018762588501,1.91499597009637,0.9083014965057373,0.18353009711621626,1.795698422567761e-05,"(128,)",0.0021761183209050424,0.0,True,"(2, 4)",True,"(1, 3)",SelectPercentile(percentile=1),0.593901726422026,0.5127492122840459,0.5340415720463226,0.5435952014899383,0.5172929024629019,0.540316122941047,0.02902255154130095,7,0.5176514457567627,0.4010901345873443,0.42938611204293853,0.4475479051640142,0.41470888661899896,0.4420768968340118,0.040820149578930875,9
17.32297797203064,2.0802206406467145,1.2003626346588134,0.2381397261598127,0.0003401789991128539,"(128,)",0.0026698666742744613,0.0,True,"(2, 4)",True,"(1, 3)",SelectPercentile(percentile=5),0.5174010006681987,0.4984930957944451,0.514646448768867,0.5065919432942303,0.49079309043277636,0.5055851157917035,0.00991803765084727,14,0.41732035849682914,0.40340539159530886,0.4312523937188816,0.40453074433656955,0.37165682528655786,0.4056331426868294,0.0197661596571779,17
51.70269594192505,1.5715865164618323,0.8777560710906982,0.11456414344462157,0.0009444574254983562,"(16,)",0.0026383097314635357,0.5,False,"(1, 3)",True,"(1, 3)","TruncatedSVD(n_components=300, random_state=42)",0.5209622064383911,0.5281554966315143,0.5287735125820651,0.5255001527074895,0.5011081745203295,0.5208999085759578,0.010271475669045751,12,0.4495251637804072,0.438961807954209,0.47040280210157626,0.41465830307032026,0.4163250093179277,0.43797461724488806,0.020968227745537103,11
30.794083023071288,1.0108900548859427,1.7451940059661866,0.36379767347822667,0.003512704726270845,"(64, 32)",0.0013382928076562622,0.5,True,"(1, 5)",True,"(1, 1)","TruncatedSVD(n_components=100, random_state=42)",0.5621278814556125,0.4588431786216596,0.5055124007702277,0.5231481481481481,0.5325827066135623,0.5164428631218422,0.03414608310514925,13,0.5070599736472989,0.34081917394545214,0.39772335288030347,0.41814389989572465,0.425596237823312,0.4178685276384183,0.05358607719599497,14
9.36139121055603,0.9568979104341798,1.0964584350585938,0.19489008938997238,0.010524574681335632,"(64, 32)",0.007686119654652774,1.0,True,"(1, 5)",False,"(1, 2)",SelectPercentile(percentile=5),0.5517645361488807,0.551524864024864,0.5364893897959215,0.5438963447766475,0.5352651230256796,0.5437880515543987,0.007062649294442573,4,0.4386890973303459,0.48583324237084624,0.46622264509990485,0.44944774851316904,0.44224614489380265,0.4564877756416137,0.01746483941455342,5
32.526242876052855,1.2561761660440272,1.5662039279937745,0.13769817439708626,0.01707975034295823,"(16,)",0.00016255057858173064,0.5,False,"(1, 5)",False,"(1, 2)","TruncatedSVD(n_components=100, random_state=42)",0.25918306342424086,0.26557971014492754,0.2928890422850449,0.2746845968453353,0.290146165993279,0.2764965157385656,0.013245702730609325,29,0.025449389599154104,0.05455862235455056,0.10547667342799194,0.029282576866764387,0.05850272682201285,0.05465399781409477,0.02861602456626324,29
69.0599190235138,1.5736049739196427,1.9953152179718017,0.2733813844214125,0.038403004190988556,"(128,)",0.006511137745332813,0.0,True,"(1, 5)",False,"(1, 1)","TruncatedSVD(n_components=300, random_state=42)",0.4302329478800067,0.5266193133773042,0.4550744442616031,0.42502446088215734,0.4993593668334204,0.4672621066468984,0.03964146449228833,20,0.34668511420082104,0.45766460152527766,0.3617289131347041,0.3101748095024651,0.35020468924451054,0.36529162552155564,0.049309514159387426,20
12.645061874389649,0.48233074378380825,0.8777292728424072,0.10135147441552908,0.00025720264197882334,"(128,)",0.00010325337616482048,1.0,True,"(2, 4)",True,"(1, 1)","TruncatedSVD(n_components=100, random_state=42)",0.43073985163537404,0.4231866400525149,0.309088685534779,0.3880210728449873,0.3448326113948717,0.3791737722925054,0.04640194502810472,24,0.3133557321786149,0.33509126491086816,0.07916355489171034,0.23208903315557616,0.09930537689735008,0.21180099240682396,0.10599378698875868,25
2.7779698848724363,0.23388952285094033,0.45197038650512694,0.05520805404836189,0.00011957746304562952,"(64, 32)",0.007688106801474953,0.5,False,"(1, 3)",False,"(1, 1)",SelectPercentile(percentile=5),0.531182835711727,0.5591951137884873,0.5583996393535373,0.5400025487447432,0.513003125024983,0.5403566525246956,0.017395038186652827,6,0.4437599601907317,0.5090612427914856,0.48343719252213846,0.4447377103266249,0.4069478908188585,0.45758879932996777,0.035322629465704976,4
11.214256954193115,1.5312410244036279,1.8293797969818115,0.3781652435672049,0.07711312991331107,"(64, 32)",0.00031171099804016726,1.0,False,"(1, 5)",True,"(1, 1)",SelectPercentile(percentile=1),0.5388453223012923,0.49452846000769085,0.5231418288546223,0.5472090289766952,0.39062010662409924,0.49886894935288,0.057027534001269004,17,0.4804156624620489,0.4222594209651348,0.47839120659505374,0.4762022194821208,0.33354310887350547,0.43816232367557273,0.056654785769510815,10
35.00114860534668,0.10279795660039928,1.1519739627838135,0.12181027553791006,0.09794041506463563,"(128,)",0.001656260589333597,0.5,False,"(2, 4)",True,"(1, 1)","TruncatedSVD(n_components=300, random_state=42)",0.5680938169048307,0.527034010754941,0.5199005424203427,0.5616654817035287,0.5257278895383791,0.5404843482644044,0.020165717882833077,5,0.4802446256486287,0.4326250786792101,0.4523570712136409,0.4772651842017922,0.3811152925076976,0.44472145045019384,0.03625288629983669,7
48.30287265777588,1.0159064625202487,1.3625123023986816,0.1536021988644677,0.042959927905391264,"(128,)",0.0022983221528155035,0.0,False,"(2, 4)",False,"(1, 2)","TruncatedSVD(n_components=300, random_state=42)",0.486113786009213,0.3456520154530214,0.3815152327347449,0.4569023569023569,0.4990655481489851,0.43384978784966427,0.060056297837571555,23,0.39850301327557003,0.19676004872107178,0.2557077625570777,0.3311603650586702,0.4127829560585885,0.3189828291341957,0.08271923353169512,23
80.47729501724243,4.55169921746812,2.3832387924194336,0.28780211553805346,0.0023484801595128678,"(128,)",0.003336101309469784,1.0,True,"(1, 5)",False,"(1, 1)","TruncatedSVD(n_components=300, random_state=42)",0.5705850210527698,0.47942019277287784,0.5152810152810153,0.532509402308991,0.5227815158655803,0.5241154294562469,0.029350884500708014,11,0.4938312602421294,0.3502315104492554,0.44846796657381616,0.4388044318474619,0.3827963346142478,0.4228263007453822,0.05064958388714647,13
28.169931411743164,0.7753555699888128,1.684061050415039,0.22614825752839823,0.08584056422893495,"(64,)",0.0011790965486776312,0.0,True,"(1, 5)",False,"(1, 1)","TruncatedSVD(n_components=100, random_state=42)",0.48382743459144134,0.3374256260288208,0.4579033824338641,0.49270129179437655,0.4520714428900952,0.4447858355477196,0.055805917431425406,22,0.41747274366751375,0.1812031653148649,0.35308953341740223,0.379188017343319,0.3404642694583523,0.3342835458402904,0.0809472959537323,22
108.91266212463378,2.9502423574695498,0.9737351417541504,0.3240068272576617,0.002309786149269356,"(128,)",0.00027572877739648273,0.5,True,"(1, 5)",True,"(1, 3)","TruncatedSVD(n_components=300, random_state=42)",0.22494172494172493,0.22494172494172493,0.23130526961809916,0.5220167881817523,0.4357776070316602,0.3277966229429923,0.12637262904782823,27,0.0,0.0,0.009518143961927406,0.4129651860744298,0.3238231098430814,0.14926128797588772,0.18116157760480467,27
2.860976552963257,0.7318556347156162,0.5215136528015136,0.0777902313587805,0.05782199315538689,"(64, 32)",0.0005935682912014691,0.5,False,"(1, 3)",True,"(1, 1)",SelectPercentile(percentile=1),0.5186265376883397,0.5307756046464361,0.5491434756469075,0.38656820103902384,0.5170144587369537,0.5004256555515322,0.0580767179765853,16,0.4239256896228185,0.44531979821884526,0.49266862170087977,0.29271523178807946,0.40610997963340123,0.4121478641928048,0.066367607312057,15
42.015432024002074,2.305991018102849,1.8840954303741455,0.6445604979109861,6.85940558876205e-05,"(128,)",0.005684322462212271,1.0,True,"(2, 4)",False,"(1, 1)","TruncatedSVD(n_components=300, random_state=42)",0.5628483835005574,0.5370694114966561,0.5078737752753462,0.554409684863003,0.5183186962677796,0.5361039902806685,0.020806512361939276,9,0.4917024533644012,0.46669793621013134,0.4111298482293424,0.45712740059507706,0.38584667228306646,0.44250086213640366,0.038507319672692074,8
